data,dia,hora,profissional,paciente,tipo,marcado_em,marcado_por,lembrete,status,observacao
2026-08-03,seg,07:00,Caio,Tânia Barros,Convênio Beta,,Joana,não,F,
03/08/2026,seg,07:00,Caio,Ítalo Teixeira,Particular,02/08/2026,Caio,N,faltou,encaixe
03/08/2026,seg,7h,Sílvia,Carla Xavier,Particular,21/06/2026,Joana,sim,realizada,
3/8,seg,08:00,Caio,Gabriela Campos,Convênio Alfa,,,,realizada,
03/08/2026,seg,09:00,Caio,Otávio Gomes,,16/07/2026,Joana,N,realizada,
03/08/2026,seg,10:00,Caio,Marta Guerra,Particular,,Joana,sim,realizada,
03/08/2026,seg,10h,Renata,Glória Henriques,Convênio Alfa,25/07/2026,,não,ok,
03/08/2026,seg,11:00,Caio,Júlia,Particular,,Joana,não,realizada,
03/08/2026,seg,11:00,Renata,Luiz Lacerda,Particular,12/07/2026,Joana,,cancelada,
03/08/2026,seg,12:00,Renata,Paulo Xavier,Particular,01/08/2026,Joana,não,realizada,
03/08/2026,seg,14:00,Caio,Ítalo Teixeira,Particular,,Joana,Sim,realizada,
03/08/2026,seg,14:00,Renata,Emílio  Nogueira,Particular,01/08/2026,Joana,sim,cancelada,
03/08/2026,seg,14:00,Tomás,Diva Macedo,Convênio Beta,,Joana,sim,falta,
03/08/2026,seg,15:00,Caio,Alice Rezende,Particular,06/06/2026,Joana,Sim,realizada,
03/08/2026,seg,15:00,Renata,Thiago Fontes,Convênio Alfa,17/07/2026,Joana,,realizada,
03/08/2026,seg,16:00,Caio,Fábio Valente,Particular,18/07/2026,,não,ok,
03/08/2026,seg,16:00,Renata,Débora Brandão,Convênio Beta,15/07/2026,Joana,Sim,realizada,
03/08/2026,seg,17:00,Renata,João Teixeira,Particular,09/06/2026,Joana,sim,feita,
03/08/2026,seg,17:00,Tomás,Bruno Campos,,29/05/2026,,,feita,
03/08/2026,seg,18:00,Renata,Priscila Paiva,Particular,27/06/2026,Joana,não,realizada,
03/08/2026,seg,18:00,Tomás,Márcio Gomes,Particular,10/06/2026,,não,realizada,
04/08/2026,ter,07:00,Caio,Úrsula Esteves,Convênio Beta,26/07/2026,Joana,nao,falta,
04/08/2026,ter,07:00,Sílvia,Celso Coutinho,Convênio Alfa,05/07/2026,,não,realizada,
04/08/2026,ter,8h,Caio,Renato Queiroz,Convênio Alfa,10/07/2026,Joana,,feita,
04/08/2026,ter,8h,Caio,Renato Queiroz,Convênio Alfa,10/07/2026,Joana,,feita,
2026-08-04,ter,09:00,Caio,Júlia,Particular,21/06/2026,Joana,nao,realizada,
04/08/2026,ter,10h,Caio,Xavier Paiva,Convênio Beta,31/07/2026,Joana,não,realizada,
04/08/2026,ter,10:00,Renata,Edson Lacerda,Convênio Beta,29/07/2026,Joana,não,feita,
04/08/2026,ter,10h,Sílvia,Simone Teixeira,Particular,31/07/2026,Joana,não,realizada,
04/08/2026,ter,11:00,Caio,Tânia Barros,Convênio Beta,,Joana,sim,realizada,
04/08/2026,ter,11h,Renata,Priscila Paiva,Particular,28/06/2026,Joana,N,realizada,
4/8,ter,11:00,Sílvia,Vítor Lacerda,Convênio Beta,21/07/2026,Joana,N,falta,
04/08/2026,ter,11:00,Sílvia,Iara Farias,Convênio Alfa,04/08/2026,Sílvia,não,ok,encaixe
04/08/2026,ter,12h,Renata,Valter Valente,Convênio Beta,12/07/2026,Joana,nao,realizada,
04/08/2026,ter,14:00,Caio,Zeca Campos,Particular,18/07/2026,Joana,sim,realizada,
04/08/2026,ter,14:00,Renata,Karina Farias,Particular,17/07/2026,Joana,sim,realizada,
04/08/2026,ter,14:00,Tomás,Olga Almeida,Particular,17/06/2026,Joana,sim,realizada,
04/08/2026,ter,15h,Caio,Nelson Macedo,Particular,21/07/2026,,N,realizada,
4/8,ter,15h,Renata,Nádia Nogueira,Particular,02/08/2026,Joana,sim,Realizada,
04/08/2026,ter,16:00,Caio,Rafael Guerra,Convênio Alfa,17/07/2026,Joana,,realizada,
04/08/2026,ter,16:00,Renata,Luiz Lacerda,Particular,11/07/2026,Joana,não,realizada,
04/08/2026,ter,17:00,Renata,Jorge Duarte,Particular,07/07/2026,,sim,realizada,
2026-08-04,ter,17:00,Tomás,Mauro Campos,Convênio Beta,08/07/2026,Joana,nao,realizada,
04/08/2026,ter,18:00,Renata,Glória Henriques,Convênio Alfa,27/07/2026,Joana,Sim,realizada,
04/08/2026,ter,18:00,Tomás,Lourdes Fontes,Particular,19/07/2026,Joana,S,realizada,
04/08/2026,ter,19:00,Tomás,Antônio Diniz,Convênio Beta,03/08/2026,,não,realizada,
05/08/2026,qua,07:00,Caio,Xavier Paiva,Convênio Beta,30/07/2026,Joana,sim,Realizada,
05/08/2026,qua,08:00,Caio,Marta Guerra,Particular,14/07/2026,Joana,sim,realizada,
05/08/2026,qua,09:00,Caio,Vera Sampaio,Convênio Beta,04/07/2026,Joana,sim,realizada,
05/08/2026,qua,10:00,Caio,Zilda Barros,Convênio Alfa,11/07/2026,Joana,sim,ok,
05/08/2026,qua,10:00,Renata,Nádia Nogueira,Particular,,,,ok,
2026-08-05,qua,10:00,Sílvia,Simone Teixeira,Particular,30/07/2026,Joana,não,Realizada,
05/08/2026,qua,11:00,Caio,Ítalo Teixeira,Particular,31/07/2026,Joana,sim,Realizada,
05/08/2026,qua,11:00,Renata,Flavia Diniz,Particular,30/07/2026,Joana,N,realizada,
05/08/2026,qua,11:00,Sílvia,Isabel Brandão,Convênio Beta,06/07/2026,Joana,sim,remarcada,
5/8,qua,12:00,Renata,Helena Lacerda,Particular,03/07/2026,Joana,não,realizada,
05/08/2026,qua,13:00,Tomás,Yara Paiva,Convênio Alfa,,Joana,não,realizada,
05/08/2026,qua,14:00,Caio,Hugo Diniz,Particular,28/05/2026,Joana,sim,realizada,
05/08/2026,qua,14:00,Renata,Edson Lacerda,Convênio Beta,29/07/2026,Joana,não,realizada,
05/08/2026,qua,14:00,Tomás,Mauro Campos,Convênio Beta,07/07/2026,Joana,não,feita,
05/08/2026,qua,15:00,Caio,Wilson Lacerda,Particular,03/07/2026,Joana,sim,realizada,
05/08/2026,qua,15:00,Renata,Queila Almeida,Particular,20/07/2026,Joana,sim,ok,
05/08/2026,qua,15:00,Tomás,Sônia Duarte,Convênio Beta,11/07/2026,Joana,Sim,realizada,
2026-08-05,qua,16:00,Caio,Úrsula Esteves,Convênio Beta,26/07/2026,Joana,não,realizada,
05/08/2026,qua,16:00,Renata,Ana Esteves,Particular,23/05/2026,Joana,não,realizada,
05/08/2026,qua,17:00,Renata,Valter Valente,Convênio Beta,12/07/2026,Joana,não,realizada,
05/08/2026,qua,18h,Renata,Emílio  Nogueira,Particular,01/08/2026,Joana,sim,realizada,
05/08/2026,qua,18:00,Tomás,Márcio Gomes,Particular,10/06/2026,Joana,,realizada,
05/08/2026,qua,19:00,Tomás,Wanda Paiva,Convênio Beta,16/07/2026,Joana,sim,cancelada,
06/08/2026,qui,07:00,Caio,Úrsula,Convênio Beta,29/07/2026,Joana,sim,realizada,
2026-08-06,qui,08:00,Caio,Beatriz Rezende,Convênio Alfa,22/07/2026,Joana,não,Realizada,
2026-08-06,qui,08:00,Sílvia,Iara Farias,Convênio Alfa,27/07/2026,Joana,não,feita,
06/08/2026,qui,09:00,Caio,Gabriela Campos,Convênio Alfa,22/07/2026,Joana,sim,feita,
06/08/2026,qui,9h,Sílvia,Vítor Lacerda,Convênio Beta,21/07/2026,Joana,N,realizada,
06/08/2026,qui,10:00,Caio,Nelson Macedo,Particular,22/07/2026,Joana,S,cancelada,
06/08/2026,qui,10:00,Renata,Thiago Fontes,Convênio Alfa,04/08/2026,Joana,não,realizada,
06/08/2026,qui,10h,Sílvia,Simone Teixeira,Particular,29/07/2026,Joana,sim,cancelada,
06/08/2026,qui,11:00,Caio,Gilberto Paiva,Convênio Alfa,15/07/2026,Joana,sim,realizada,
2026-08-06,qui,11:00,Renata,Queila Almeida,Particular,19/07/2026,,sim,realizada,
2026-08-06,qui,11:00,Renata,Queila Almeida,Particular,19/07/2026,,sim,realizada,
06/08/2026,qui,11:00,Sílvia,Elisa Esteves,Convênio Alfa,01/07/2026,Joana,não,realizada,
06/08/2026,qui,12:00,Renata,João Teixeira,Particular,08/06/2026,,N,feita,
06/08/2026,qui,13:00,Tomás,Sônia Duarte,Convênio Beta,10/07/2026,Joana,sim,realizada,
06/08/2026,qui,14:00,Caio,Hugo Diniz,Particular,27/05/2026,Joana,Sim,falta,
06/08/2026,qui,14h,Renata,Flávia Diniz,Particular,31/07/2026,Joana,sim,realizada,
06/08/2026,qui,14:00,Tomás,Antônio Diniz,Convênio Beta,01/08/2026,Joana,não,realizada,
06/08/2026,qui,15:00,Caio,zeca campos,Particular,17/07/2026,Joana,sim,realizada,
06/08/2026,qui,15:00,Renata,Fernanda Guerra,Particular,10/06/2026,Joana,não,Realizada,
06/08/2026,qui,16:00,Caio,Vera Sampaio,Convênio Beta,06/07/2026,Joana,,faltou,
06/08/2026,qui,16:00,Renata,Caetano Macedo,Particular,08/04/2026,Joana,nao,feita,
06/08/2026,qui,17:00,Renata,Glória Henriques,Convênio Alfa,28/07/2026,Joana,não,realizada,
06/08/2026,qui,18:00,Renata,Débora Brandão,Convênio Beta,15/07/2026,Joana,sim,realizada,
06/08/2026,qui,18:00,Tomás,Yara Paiva,Convênio Alfa,29/07/2026,Joana,não,feita,
06/08/2026,qui,19h,Tomás,Olga Almeida,Particular,20/06/2026,,Sim,realizada,
7/8,sex,7h,Caio,Beatriz Rezende,Convênio Alfa,23/07/2026,Joana,sim,cancelada,
07/08/2026,sex,07:00,Sílvia,Celso Coutinho,Convênio Alfa,06/07/2026,Joana,não,feita,
07/08/2026,sex,08:00,Caio,Gilberto Paiva,Convênio Alfa,15/07/2026,Joana,não,Falta,
07/08/2026,sex,8h,Sílvia,Isabel Brandão,Convênio Beta,06/07/2026,Joana,sim,realizada,
2026-08-07,sex,9h,Caio,Wilson Lacerda,Particular,03/07/2026,Joana,nao,realizada,
07/08/2026,sex,10h,Caio,Renato Queiroz,Convênio Alfa,07/07/2026,,não,realizada,
07/08/2026,sex,10:00,Renata,Queila Almeida,Particular,22/07/2026,Joana,N,realizada,
07/08/2026,sex,10:00,Sílvia,Elisa Esteves,Convênio Alfa,02/07/2026,Joana,,falta,
07/08/2026,sex,11:00,Caio,Zeca Campos,Particular,16/07/2026,Joana,não,realizada,
2026-08-07,sex,11:00,Renata,Fernanda Guerra,Particular,,Joana,N,realizada,
07/08/2026,sex,11:00,Sílvia,Iara Farias,Convênio Alfa,27/07/2026,Joana,,realizada,
07/08/2026,sex,12:00,Renata,Paulo Xavier,Particular,03/08/2026,Joana,não,realizada,
07/08/2026,sex,14h,Caio,Otávio Gomes,Particular,,Joana,não,ok,
07/08/2026,sex,14h,Caio,Xavier Paiva,Convênio Beta,06/08/2026,Caio,não,não atendido,"encaixe; horário duplicado, paciente foi embora"
07/08/2026,sex,14:00,Renata,Daniel Valente,Convênio Alfa,27/07/2026,Joana,sim,remarcado,
2026-08-07,sex,14h,Tomás,Diva Macedo,Convênio Beta,28/07/2026,,Sim,realizada,
07/08/2026,sex,15:00,Caio,Nelson Macedo,Particular,22/07/2026,Joana,não,realizada,
07/08/2026,sex,15:00,Renata,Luiz Lacerda,Particular,13/07/2026,,sim,realizada,
07/08/2026,sex,15:00,Tomás,Wanda Paiva,Convênio Beta,17/07/2026,Joana,não,falta,
07/08/2026,sex,16:00,Caio,Zilda Barros,Convênio Alfa,12/07/2026,Joana,sim,realizada,
07/08/2026,sex,16:00,Renata,Edson Lacerda,Convênio Beta,01/08/2026,,não,realizada,
2026-08-07,sex,17:00,Renata,Helena Lacerda,Particular,02/07/2026,Joana,sim,realizada,
07/08/2026,sex,17:00,Tomás,Bruno Campos,Particular,31/05/2026,Joana,não,realizada,
07/08/2026,sex,18:00,Renata,Karina Farias,Particular,16/07/2026,,sim,realizada,
07/08/2026,sex,19:00,Tomás,Lourdes Fontes,Particular,18/07/2026,Joana,,remarcada,
10/08/2026,seg,07:00,Caio,Tânia Barros,Convênio Beta,25/07/2026,Joana,N,realizada,
10/08/2026,seg,07:00,Sílvia,Carla Xavier,Particular,19/06/2026,Joana,,realizada,
10/8,seg,07:00,Sílvia,Elisa Esteves,Convênio Alfa,09/08/2026,Sílvia,não,realizada,encaixe; atendido com atraso (horário duplicado)
10/08/2026,seg,08:00,Caio,Gabriela Campos,Convênio Alfa,22/07/2026,Joana,N,realizada,
10/08/2026,seg,09:00,Caio,Otávio  Gomes,Particular,18/07/2026,Joana,não,falta,
10/08/2026,seg,10h,Caio,Marta Guerra,Particular,13/07/2026,Joana,sim,realizada,
10/08/2026,seg,10:00,Renata,Glória Henriques,Convênio Alfa,28/07/2026,Joana,sim,realizada,
10/08/2026,seg,11:00,Caio,Júlia,Particular,24/06/2026,Joana,não,F,
10/08/2026,seg,11:00,Renata,Luiz Lacerda,,,Joana,Sim,realizada,
10/08/2026,seg,12:00,Renata,Paulo Xavier,Particular,03/08/2026,Joana,N,realizada,
10/08/2026,seg,14:00,Caio,Ítalo Teixeira,Particular,31/07/2026,Joana,não,faltou,
10/08/2026,seg,14:00,Renata,Emílio  Nogueira,Particular,02/08/2026,Joana,não,realizada,
10/08/2026,seg,14:00,Tomás,Diva Macedo,,28/07/2026,Joana,não,falta,
10/08/2026,seg,15:00,Caio,Alice Rezende,Particular,,Joana,Sim,falta,
10/08/2026,seg,15:00,Renata,Thiago Fontes,Convênio Alfa,05/08/2026,Joana,,realizada,
10/08/2026,seg,16:00,Caio,Fábio Valente,Particular,16/07/2026,Joana,sim,Realizada,
2026-08-10,seg,16:00,Renata,Débora Brandão,Convênio Beta,16/07/2026,Joana,nao,falta,
10/08/2026,seg,17h,Renata,João Teixeira,Particular,06/06/2026,Joana,sim,ok,
10/8,seg,17:00,Tomás,Bruno Campos,Particular,01/06/2026,Joana,nao,realizada,
10/8,seg,18h,Renata,Priscila Paiva,Particular,26/06/2026,,nao,realizada,
10/08/2026,seg,18:00,Tomás,Márcio Gomes,Particular,10/06/2026,Joana,N,realizada,
11/08/2026,ter,07:00,Caio,Úrsula,Convênio Beta,26/07/2026,Joana,sim,realizada,
11/08/2026,ter,07:00,Sílvia,Celso Coutinho,Convênio Alfa,04/07/2026,Joana,N,realizada,
11/08/2026,ter,8h,Caio,Renato Queiroz,Convênio Alfa,08/07/2026,Joana,,realizada,
11/08/2026,ter,9h,Caio,Júlia Xavier,Particular,23/06/2026,Joana,N,remarcada,
11/08/2026,ter,10:00,Caio,Xavier Paiva,Convênio Beta,29/07/2026,Joana,sim,Realizada,
11/08/2026,ter,10:00,Renata,Edson Lacerda,Convênio Beta,30/07/2026,Joana,não,ok,
11/08/2026,ter,10:00,Sílvia,Simone Teixeira,,31/07/2026,Joana,sim,realizada,
11/08/2026,ter,11:00,Caio,Tânia Barros,Convênio Beta,24/07/2026,Joana,sim,realizada,
11/8,ter,11:00,Renata,Priscila Paiva,Particular,29/06/2026,Joana,N,realizada,
11/08/2026,ter,11:00,Sílvia,Vítor Lacerda,Convênio Beta,19/07/2026,Joana,não,realizada,
11/8,ter,12h,Renata,Valter Valente,Convênio Beta,14/07/2026,Joana,,realizada,
11/08/2026,ter,14:00,Caio,Zeca Campos,Particular,,,não,realizada,
2026-08-11,ter,14:00,Renata,Karina Farias,Particular,17/07/2026,Joana,sim,remarcada,
11/08/2026,ter,14:00,Tomás,Olga Almeida,Particular,19/06/2026,Joana,sim,faltou,
11/08/2026,ter,15:00,Caio,Nelson Macedo,Particular,22/07/2026,Joana,sim,realizada,
11/08/2026,ter,15:00,Renata,Nádia Nogueira,Particular,31/07/2026,Joana,,realizada,
2026-08-11,ter,16h,Caio,Rafael Guerra,Convênio Alfa,17/07/2026,,sim,realizada,
11/08/2026,ter,16h,Renata,Luiz Lacerda,Particular,12/07/2026,Joana,não,falta,
2026-08-11,ter,17:00,Renata,Jorge Duarte,Particular,09/07/2026,,Sim,falta,
11/08/2026,ter,17:00,Tomás,Mauro Campos,Convênio Beta,,Joana,N,falta,
11/08/2026,ter,18h,Renata,Glória Henriques,Convênio Alfa,25/07/2026,,Sim,realizada,
11/08/2026,ter,18h,Renata,Glória Henriques,Convênio Alfa,25/07/2026,,Sim,realizada,
11/08/2026,ter,18:00,Tomás,Lourdes Fontes,Particular,18/07/2026,Joana,sim,feita,
11/08/2026,ter,19h,Tomás,Antônio Diniz,Convênio Beta,03/08/2026,Joana,sim,realizada,
12/08/2026,qua,07:00,Caio,Xavier Paiva,Convênio Beta,28/07/2026,Joana,S,cancelou,
12/8,qua,07:00,Sílvia,Celso Coutinho,Convênio Alfa,11/08/2026,Sílvia,nao,ok,encaixe
12/08/2026,qua,08:00,Caio,Marta Guerra,Particular,14/07/2026,,sim,realizada,
12/08/2026,qua,09:00,Caio,Vera Sampaio,Convênio Beta,07/07/2026,Joana,,feita,
12/08/2026,qua,10:00,Caio,Zilda Barros,Convênio Alfa,13/07/2026,Joana,N,ok,
12/08/2026,qua,10:00,Renata,Nádia Nogueira,Particular,31/07/2026,Joana,N,ok,
12/08/2026,qua,10:00,Sílvia,Simone Teixeira,Particular,31/07/2026,Joana,sim,realizada,
12/08/2026,qua,11h,Caio,Ítalo Teixeira,Particular,03/08/2026,Joana,não,realizada,
12/08/2026,qua,11:00,Renata,Flavia Diniz,Particular,31/07/2026,Joana,nao,realizada,
12/08/2026,qua,11:00,Sílvia,Isabel Brandão,Convênio Beta,04/07/2026,Joana,,realizada,
12/08/2026,qua,12:00,Renata,Helena Lacerda,Particular,02/07/2026,Joana,Sim,falta,
12/08/2026,qua,13:00,Tomás,Yara Paiva,Convênio Alfa,29/07/2026,Joana,não,realizada,
12/08/2026,qua,14:00,Caio,Hugo Diniz,Particular,26/05/2026,Joana,N,realizada,
12/08/2026,qua,14h,Renata,Edson Lacerda,Convênio Beta,01/08/2026,Joana,sim,Realizada,
12/08/2026,qua,14:00,Tomás,Mauro Campos,,05/07/2026,Joana,não,realizada,
12/08/2026,qua,15h,Caio,Wilson Lacerda,Particular,04/07/2026,,,Realizada,
12/08/2026,qua,15:00,Renata,Queila Almeida,Particular,19/07/2026,,não,realizada,
12/08/2026,qua,15:00,Tomás,Sônia Duarte,Convênio Beta,12/07/2026,,sim,Realizada,
12/08/2026,qua,16:00,Caio,Úrsula Esteves,Convênio Beta,28/07/2026,Joana,sim,realizada,
12/08/2026,qua,16h,Renata,Ana Esteves,Particular,20/05/2026,Joana,sim,realizada,
12/08/2026,qua,17h,Renata,Valter Valente,Convênio Beta,14/07/2026,Joana,não,realizada,
12/08/2026,qua,17:00,Tomás,Lourdes Fontes,Particular,06/08/2026,Joana,não,realizada,remarcação
12/08/2026,qua,17:00,Tomás,Lourdes Fontes,Particular,06/08/2026,Joana,não,realizada,remarcação
12/08/2026,qua,18:00,Renata,Emílio Nogueira,Particular,30/07/2026,Joana,,realizada,
12/08/2026,qua,18:00,Tomás,Márcio Gomes,Particular,08/06/2026,Joana,S,realizada,
12/08/2026,qua,19:00,Tomás,Wanda Paiva,Convênio Beta,14/07/2026,Joana,não,realizada,
13/08/2026,qui,07:00,Caio,Úrsula Esteves,Convênio Beta,29/07/2026,Joana,sim,realizada,
13/08/2026,qui,07:00,Sílvia,Isabel Brandão,Convênio Beta,04/08/2026,Joana,sim,realizada,remarcação
13/8,qui,08:00,Caio,Beatriz Rezende,Convênio Alfa,22/07/2026,Joana,não,cancelou,
13/08/2026,qui,8h,Sílvia,Iara Farias,Convênio Alfa,28/07/2026,Joana,sim,ok,
13/8,qui,09:00,Caio,Gabriela Campos,Convênio Alfa,23/07/2026,Joana,sim,realizada,
13/08/2026,qui,09:00,Sílvia,Vítor Lacerda,Convênio Beta,,Joana,,remarcada,
13/8,qui,10:00,Caio,Nelson Macedo,Particular,24/07/2026,Joana,sim,realizada,
13/08/2026,qui,10:00,Renata,Thiago Fontes,Convênio Alfa,03/08/2026,Joana,não,realizada,
13/08/2026,qui,10:00,Sílvia,Simone Teixeira,Particular,28/07/2026,,sim,realizada,
13/08/2026,qui,11:00,Caio,Gilberto Paiva,Convênio Alfa,17/07/2026,Joana,não,remarcada,
13/08/2026,qui,11:00,Renata,Queila Almeida,Particular,21/07/2026,Joana,Sim,realizada,
13/08/2026,qui,11:00,Sílvia,Elisa Esteves,Convênio Alfa,02/07/2026,Joana,nao,realizada,
13/08/2026,qui,12:00,Renata,João Teixeira,Particular,09/06/2026,Joana,S,Realizada,
13/08/2026,qui,13:00,Tomás,Sônia Duarte,Convênio Beta,12/07/2026,Joana,não,remarcada,
13/08/2026,qui,14:00,Caio,Hugo Diniz,Particular,26/05/2026,Joana,Sim,feita,
13/08/2026,qui,14:00,Caio,Júlia,Particular,09/08/2026,Caio,sim,não atendido,"remarcação; horário duplicado, paciente foi embora"
13/08/2026,qui,14:00,Renata,Flávia Diniz,Particular,29/07/2026,,sim,realizada,
13/08/2026,qui,14h,Tomás,Antônio Diniz,Convênio Beta,03/08/2026,Joana,sim,Realizada,
13/08/2026,qui,15:00,Caio,Zeca Campos,Particular,19/07/2026,Joana,,realizada,
13/08/2026,qui,15h,Renata,Fernanda Guerra,,11/06/2026,Joana,N,falta,
13/08/2026,qui,16h,Caio,Vera Sampaio,Convênio Beta,07/07/2026,Joana,sim,remarcada,
13/08/2026,qui,16:00,Renata,Caetano Macedo,Particular,08/04/2026,,não,remarcada,
13/08/2026,qui,17:00,Renata,Glória Henriques,Convênio Alfa,28/07/2026,Joana,não,realizada,
2026-08-13,qui,18:00,Renata,Débora Brandão,Convênio Beta,14/07/2026,Joana,não,realizada,
13/08/2026,qui,18:00,Tomás,Yara Paiva,Convênio Alfa,29/07/2026,Joana,não,feita,
13/08/2026,qui,19:00,Tomás,Olga Almeida,,18/06/2026,Joana,sim,feita,
2026-08-14,sex,07:00,Caio,Beatriz Rezende,Convênio Alfa,24/07/2026,Joana,sim,cancelou,
14/08/2026,sex,07:00,Sílvia,Celso Coutinho,Convênio Alfa,,Joana,sim,realizada,
14/08/2026,sex,08:00,Caio,Gilberto Paiva,Convênio Alfa,18/07/2026,Joana,não,faltou,
14/08/2026,sex,08:00,Sílvia,Isabel Brandão,Convênio Beta,04/07/2026,Joana,sim,realizada,
14/08/2026,sex,09:00,Caio,Wilson Lacerda,Particular,05/07/2026,Joana,,F,
14/08/2026,sex,09:00,Caio,Wilson Lacerda,Particular,05/07/2026,Joana,,F,
14/08/2026,sex,10h,Caio,Renato Queiroz,Convênio Alfa,10/07/2026,Joana,Sim,F,
14/08/2026,sex,10:00,Renata,Queila Almeida,Particular,20/07/2026,,não,falta,
14/08/2026,sex,10:00,Sílvia,Elisa Esteves,Convênio Alfa,,Joana,S,realizada,
2026-08-14,sex,11:00,Caio,Zeca Campos,Particular,16/07/2026,Joana,não,realizada,
14/08/2026,sex,11:00,Renata,Fernanda Guerra,,11/06/2026,Joana,não,realizada,
14/08/2026,sex,11:00,Sílvia,Iara Farias,Convênio Alfa,26/07/2026,Joana,sim,realizada,
2026-08-14,sex,12h,Renata,Paulo Xavier,Particular,03/08/2026,Joana,sim,falta,
2026-08-14,sex,14:00,Caio,Otávio Gomes,,,,sim,realizada,
14/08/2026,sex,14:00,Renata,Daniel Valente,Convênio Alfa,28/07/2026,Joana,nao,ok,
14/08/2026,sex,14:00,Tomás,Diva Macedo,Convênio Beta,28/07/2026,Joana,Sim,ok,
14/08/2026,sex,15:00,Caio,Nelson Macedo,Particular,22/07/2026,,,ok,
2026-08-14,sex,15:00,Renata,Luiz Lacerda,,13/07/2026,Joana,sim,realizada,
14/08/2026,sex,15h,Tomás,Wanda Paiva,Convênio Beta,16/07/2026,Joana,não,realizada,
14/08/2026,sex,16:00,Caio,Zilda Barros,Convênio Alfa,11/07/2026,Joana,sim,realizada,
14/08/2026,sex,16h,Renata,Edson Lacerda,Convênio Beta,30/07/2026,Joana,não,cancelada,
14/08/2026,sex,16:00,Tomás,Sônia Duarte,Convênio Beta,11/08/2026,Tomás,Sim,realizada,remarcação
14/08/2026,sex,17:00,Renata,Helena Lacerda,Particular,03/07/2026,,sim,falta,
14/08/2026,sex,17:00,Tomás,Bruno Campos,Particular,31/05/2026,Joana,sim,realizada,
14/08/2026,sex,18:00,Renata,Karina Farias,Particular,18/07/2026,Joana,N,realizada,
14/08/2026,sex,19:00,Tomás,Lourdes Fontes,Particular,19/07/2026,Joana,sim,falta,
17/08/2026,seg,07:00,Caio,Tânia Barros,Convênio Beta,22/07/2026,Joana,Sim,realizada,
17/08/2026,seg,07:00,Sílvia,Carla Xavier,Particular,20/06/2026,Joana,sim,realizada,
17/08/2026,seg,8h,Caio,Gabriela Campos,Convênio Alfa,21/07/2026,Joana,não,cancelou,
17/8,seg,09:00,Caio,Otávio Gomes,Particular,16/07/2026,Joana,não,cancelada,
17/08/2026,seg,10:00,Caio,Marta Guerra,Particular,12/07/2026,Joana,não,realizada,
17/08/2026,seg,10h,Renata,Glória Henriques,Convênio Alfa,25/07/2026,Joana,não,realizada,
17/08/2026,seg,11:00,Caio,Júlia Xavier,Particular,21/06/2026,Joana,não,realizada,
17/08/2026,seg,11:00,Renata,Luiz Lacerda,Particular,12/07/2026,Joana,sim,realizada,
2026-08-17,seg,11:00,Sílvia,Vítor Lacerda,Convênio Beta,12/08/2026,Joana,sim,realizada,remarcação
17/08/2026,seg,12:00,Renata,Paulo Xavier,Particular,02/08/2026,Joana,sim,feita,
17/08/2026,seg,14:00,Caio,Ítalo Teixeira,Particular,31/07/2026,,nao,realizada,
17/08/2026,seg,14:00,Renata,Emílio Nogueira,Particular,01/08/2026,Joana,,realizada,
17/08/2026,seg,14:00,Tomás,Diva Macedo,Convênio Beta,27/07/2026,Joana,não,realizada,
17/08/2026,seg,15:00,Caio,Alice Rezende,Particular,08/06/2026,Joana,não,falta,
17/08/2026,seg,15:00,Renata,Thiago Fontes,Convênio Alfa,03/08/2026,,não,realizada,
17/08/2026,seg,16:00,Caio,Fábio Valente,Particular,17/07/2026,Joana,não,realizada,
17/08/2026,seg,16:00,Renata,Débora Brandão,Convênio Beta,,Joana,S,realizada,
17/08/2026,seg,17:00,Renata,João Teixeira,Particular,06/06/2026,Joana,não,realizada,
17/08/2026,seg,17:00,Tomás,Bruno Campos,Particular,01/06/2026,Joana,S,realizada,
17/08/2026,seg,18:00,Renata,Priscila Paiva,Particular,26/06/2026,Joana,sim,feita,
17/8,seg,18:00,Tomás,Márcio Gomes,Particular,08/06/2026,Joana,não,F,
18/08/2026,ter,7h,Caio,Úrsula,Convênio Beta,29/07/2026,,sim,realizada,
18/08/2026,ter,07:00,Sílvia,Celso Coutinho,Convênio Alfa,03/07/2026,Joana,,realizada,
18/8,ter,08:00,Caio,Renato Queiroz,Convênio Alfa,09/07/2026,Joana,sim,realizada,
18/08/2026,ter,09:00,Caio,Júlia,Particular,24/06/2026,Joana,,realizada,
18/8,ter,10:00,Caio,Xavier Paiva,Convênio Beta,31/07/2026,Joana,nao,feita,
18/08/2026,ter,10h,Renata,Edson Lacerda,Convênio Beta,29/07/2026,,não,cancelada,
18/08/2026,ter,10:00,Sílvia,Simone Teixeira,Particular,31/07/2026,,Sim,realizada,
18/08/2026,ter,11:00,Caio,Tânia Barros,Convênio Beta,,Joana,sim,remarcada,
18/08/2026,ter,11:00,Renata,Priscila Paiva,Particular,27/06/2026,,sim,realizada,
18/08/2026,ter,11:00,Sílvia,Vítor Lacerda,Convênio Beta,22/07/2026,,S,realizada,
18/08/2026,ter,12:00,Renata,Valter Valente,Convênio Beta,13/07/2026,Joana,sim,realizada,
18/08/2026,ter,14:00,Caio,Zeca Campos,Particular,18/07/2026,Joana,não,realizada,
18/08/2026,ter,14h,Renata,Karina Farias,Particular,17/07/2026,Joana,não,feita,
18/08/2026,ter,14:00,Tomás,Olga Almeida,Particular,18/06/2026,Joana,N,ok,
2026-08-18,ter,14:00,Tomás,Mauro Campos,Convênio Beta,17/08/2026,Tomás,não,não atendido,"encaixe; horário duplicado, paciente foi embora"
18/08/2026,ter,15:00,Caio,Nelson Macedo,Particular,21/07/2026,Joana,não,realizada,
18/08/2026,ter,15:00,Renata,Nádia Nogueira,Particular,31/07/2026,Joana,sim,realizada,
18/8,ter,16:00,Caio,Rafael Guerra,Convênio Alfa,16/07/2026,,nao,falta,
18/08/2026,ter,16:00,Renata,Luiz Lacerda,Particular,13/07/2026,Joana,nao,falta,
18/08/2026,ter,17:00,Renata,Jorge Duarte,Particular,09/07/2026,Joana,sim,remarcado,
18/08/2026,ter,17:00,Tomás,Mauro Campos,Convênio Beta,07/07/2026,Joana,sim,realizada,
2026-08-18,ter,18:00,Renata,Glória Henriques,Convênio Alfa,,Joana,sim,realizada,
18/08/2026,ter,18:00,Tomás,Lourdes Fontes,Particular,19/07/2026,Joana,nao,realizada,
18/08/2026,ter,19:00,Tomás,Antônio Diniz,Convênio Beta,31/07/2026,Joana,sim,realizada,
18/08/2026,ter,19:00,Tomás,Diva Macedo,Convênio Beta,18/08/2026,Tomás,nao,não atendido,"encaixe; horário duplicado, paciente foi embora"
2026-08-19,qua,07:00,Caio,Xavier Paiva,Convênio Beta,28/07/2026,Joana,nao,faltou,
19/08/2026,qua,08:00,Caio,Marta Guerra,Particular,,Joana,não,remarcada,
19/08/2026,qua,09:00,Caio,Vera Sampaio,Convênio Beta,04/07/2026,Joana,,realizada,
19/08/2026,qua,9h,Caio,Tânia Barros,Convênio Beta,16/08/2026,Caio,nao,realizada,remarcação; atendido com atraso (horário duplicado)
19/08/2026,qua,10:00,Caio,Zilda Barros,Convênio Alfa,12/07/2026,Joana,não,falta,
19/08/2026,qua,10:00,Renata,Nádia Nogueira,Particular,,Joana,sim,Realizada,
19/08/2026,qua,10:00,Sílvia,Simone Teixeira,Particular,30/07/2026,Joana,sim,feita,
19/08/2026,qua,11h,Caio,Ítalo Teixeira,Particular,03/08/2026,,sim,realizada,
19/08/2026,qua,11:00,Renata,Flávia Diniz,Particular,01/08/2026,Joana,,feita,
19/08/2026,qua,11:00,Sílvia,Isabel Brandão,Convênio Beta,05/07/2026,,não,cancelou,
19/08/2026,qua,12:00,Renata,Helena Lacerda,Particular,05/07/2026,Joana,não,realizada,
19/08/2026,qua,13:00,Tomás,Yara Paiva,Convênio Alfa,01/08/2026,Joana,,realizada,
19/08/2026,qua,14h,Caio,Hugo Diniz,Particular,27/05/2026,Joana,não,Realizada,
19/08/2026,qua,14h,Renata,Edson Lacerda,Convênio Beta,01/08/2026,Joana,sim,realizada,
19/8,qua,14:00,Tomás,Mauro Campos,,05/07/2026,Joana,sim,realizada,
2026-08-19,qua,15:00,Caio,Wilson Lacerda,Particular,04/07/2026,Joana,S,realizada,
19/08/2026,qua,15:00,Renata,Queila Almeida,Particular,21/07/2026,Joana,não,falta,
19/8,qua,15:00,Tomás,Sônia Duarte,Convênio Beta,10/07/2026,Joana,,ok,
19/08/2026,qua,16:00,Caio,Úrsula Esteves,Convênio Beta,27/07/2026,Joana,não,realizada,
19/08/2026,qua,16:00,Renata,Ana Esteves,Particular,23/05/2026,,Sim,ok,
19/08/2026,qua,17:00,Renata,Valter Valente,Convênio Beta,14/07/2026,Joana,não,realizada,
2026-08-19,qua,17:00,Renata,Caetano Macedo,Particular,12/08/2026,Renata,sim,cancelada,remarcação
19/08/2026,qua,18:00,Renata,Emílio Nogueira,Particular,,Joana,N,ok,
19/08/2026,qua,18:00,Tomás,Márcio Gomes,Particular,08/06/2026,Joana,S,feita,
19/08/2026,qua,19:00,Tomás,Wanda Paiva,Convênio Beta,17/07/2026,Joana,sim,realizada,
20/8,qui,07:00,Caio,Úrsula,Convênio Beta,27/07/2026,Joana,S,realizada,
20/08/2026,qui,08:00,Caio,Beatriz Rezende,,23/07/2026,Joana,nao,realizada,
20/08/2026,qui,08:00,Sílvia,Iara Farias,Convênio Alfa,26/07/2026,Joana,,realizada,
2026-08-20,qui,09:00,Caio,Gabriela Campos,Convênio Alfa,21/07/2026,Joana,nao,falta,
20/08/2026,qui,09:00,Caio,Gilberto Paiva,Convênio Alfa,13/08/2026,Caio,sim,realizada,remarcação
20/08/2026,qui,09:00,Sílvia,Vítor Lacerda,Convênio Beta,20/07/2026,Joana,sim,realizada,
20/08/2026,qui,10:00,Caio,Nelson Macedo,Particular,21/07/2026,Joana,não,falta,
2026-08-20,qui,10:00,Renata,Thiago Fontes,Convênio Alfa,03/08/2026,Joana,sim,realizada,
20/08/2026,qui,10h,Sílvia,Simone Teixeira,Particular,30/07/2026,Joana,sim,Realizada,
20/08/2026,qui,11:00,Caio,Gilberto Paiva,Convênio Alfa,16/07/2026,Joana,sim,realizada,
20/08/2026,qui,11:00,Renata,Queila Almeida,Particular,19/07/2026,Joana,sim,feita,
20/08/2026,qui,11:00,Sílvia,Elisa Esteves,Convênio Alfa,30/06/2026,Joana,não,ok,
2026-08-20,qui,12:00,Renata,João Teixeira,Particular,08/06/2026,Joana,,realizada,
20/08/2026,qui,13:00,Tomás,Sônia Duarte,Convênio Beta,11/07/2026,Joana,não,falta,
20/08/2026,qui,14:00,Caio,Hugo Diniz,Particular,25/05/2026,Joana,sim,Realizada,
20/08/2026,qui,14h,Renata,Flávia Diniz,Particular,31/07/2026,Joana,sim,realizada,
2026-08-20,qui,14:00,Tomás,Antônio Diniz,Convênio Beta,01/08/2026,Joana,,realizada,
20/08/2026,qui,15:00,Caio,zeca campos,,16/07/2026,Joana,sim,feita,
20/08/2026,qui,15:00,Renata,Fernanda Guerra,Particular,12/06/2026,Joana,não,realizada,
20/08/2026,qui,16:00,Caio,Vera Sampaio,Convênio Beta,05/07/2026,Joana,não,Realizada,
20/08/2026,qui,16:00,Renata,Caetano Macedo,Particular,08/04/2026,Joana,não,realizada,
20/08/2026,qui,17h,Renata,Glória Henriques,Convênio Alfa,28/07/2026,Joana,sim,realizada,
20/08/2026,qui,18:00,Renata,Débora Brandão,Convênio Beta,15/07/2026,Joana,não,feita,
20/08/2026,qui,18:00,Tomás,Yara Paiva,Convênio Alfa,30/07/2026,Joana,sim,realizada,
20/08/2026,qui,19:00,Tomás,Olga Almeida,Particular,18/06/2026,Joana,sim,feita,
21/08/2026,sex,07:00,Caio,Beatriz Rezende,,23/07/2026,Joana,,realizada,
21/08/2026,sex,07:00,Sílvia,Celso Coutinho,Convênio Alfa,04/07/2026,Joana,sim,Realizada,
21/08/2026,sex,08:00,Caio,Gilberto Paiva,Convênio Alfa,16/07/2026,Joana,S,cancelada,
2026-08-21,sex,08:00,Sílvia,Isabel Brandão,Convênio Beta,07/07/2026,Joana,não,realizada,
21/08/2026,sex,09:00,Caio,Wilson Lacerda,Particular,04/07/2026,,não,feita,
21/08/2026,sex,10:00,Caio,Renato Queiroz,,10/07/2026,Joana,não,cancelou,
21/08/2026,sex,10:00,Renata,Queila Almeida,Particular,22/07/2026,Joana,não,realizada,
21/08/2026,sex,10:00,Sílvia,Elisa Esteves,,01/07/2026,Joana,sim,ok,
21/08/2026,sex,11h,Caio,Zeca Campos,Particular,18/07/2026,Joana,não,realizada,
21/08/2026,sex,11h,Caio,Zeca Campos,Particular,18/07/2026,Joana,não,realizada,
2026-08-21,sex,11:00,Renata,Fernanda Guerra,Particular,11/06/2026,Joana,S,realizada,
21/08/2026,sex,11:00,Sílvia,Iara Farias,Convênio Alfa,26/07/2026,Joana,N,ok,
21/08/2026,sex,12:00,Renata,Paulo Xavier,Particular,01/08/2026,Joana,sim,realizada,
2026-08-21,sex,14:00,Caio,Otávio Gomes,Particular,19/07/2026,Joana,S,cancelada,
21/08/2026,sex,14:00,Caio,Beatriz Rezende,Convênio Alfa,21/08/2026,Caio,não,Realizada,encaixe
21/08/2026,sex,14:00,Renata,Daniel Valente,Convênio Alfa,25/07/2026,Joana,sim,realizada,
21/08/2026,sex,14:00,Tomás,Diva Macedo,Convênio Beta,26/07/2026,Joana,não,Realizada,
21/08/2026,sex,15:00,Caio,Nelson Macedo,Particular,24/07/2026,Joana,sim,feita,
21/08/2026,sex,15:00,Renata,Luiz Lacerda,Particular,10/07/2026,Joana,não,feita,
21/08/2026,sex,15h,Tomás,Wanda Paiva,Convênio Beta,15/07/2026,Joana,nao,Realizada,
21/08/2026,sex,16h,Caio,Zilda Barros,Convênio Alfa,10/07/2026,Joana,,realizada,
21/8,sex,16:00,Renata,Edson Lacerda,Convênio Beta,01/08/2026,,,feita,
21/08/2026,sex,17h,Renata,Helena Lacerda,Particular,03/07/2026,Joana,não,remarcada,
21/08/2026,sex,17:00,Tomás,Bruno Campos,Particular,01/06/2026,,sim,realizada,
21/08/2026,sex,18:00,Renata,Karina Farias,Particular,18/07/2026,Joana,S,realizada,
21/08/2026,sex,19:00,Tomás,Lourdes Fontes,Particular,16/07/2026,Joana,nao,realizada,
24/08/2026,seg,07:00,Caio,Tânia Barros,Convênio Beta,23/07/2026,Joana,não,realizada,
24/08/2026,seg,07:00,Caio,Marta Guerra,Particular,19/08/2026,Caio,sim,não atendido,"remarcação; horário duplicado, paciente foi embora"
24/08/2026,seg,07:00,Sílvia,Carla Xavier,Particular,19/06/2026,Joana,não,realizada,
24/08/2026,seg,08:00,Caio,Gabriela Campos,,20/07/2026,,sim,feita,
24/08/2026,seg,09:00,Caio,Otávio  Gomes,Particular,18/07/2026,Joana,não,ok,
24/08/2026,seg,10h,Caio,Marta Guerra,Particular,12/07/2026,Joana,nao,Falta,
24/8,seg,10h,Renata,Glória Henriques,Convênio Alfa,28/07/2026,Joana,sim,realizada,
24/08/2026,seg,11:00,Caio,Júlia,Particular,,Joana,sim,ok,
24/08/2026,seg,11:00,Renata,Luiz Lacerda,Particular,13/07/2026,Joana,sim,realizada,
24/08/2026,seg,12:00,Renata,Paulo Xavier,Particular,01/08/2026,Joana,sim,realizada,
2026-08-24,seg,14:00,Caio,Ítalo Teixeira,Particular,31/07/2026,Joana,não,realizada,
24/08/2026,seg,14:00,Renata,Emílio  Nogueira,Particular,02/08/2026,,não,realizada,
24/08/2026,seg,14h,Tomás,Diva Macedo,Convênio Beta,27/07/2026,Joana,não,falta,
24/08/2026,seg,15:00,Caio,Alice Rezende,Particular,07/06/2026,Joana,não,realizada,
24/08/2026,seg,15:00,Renata,Thiago Fontes,Convênio Alfa,02/08/2026,Joana,não,realizada,
24/08/2026,seg,16:00,Caio,Fábio Valente,Particular,16/07/2026,Joana,sim,realizada,
24/08/2026,seg,16:00,Renata,Débora Brandão,Convênio Beta,14/07/2026,Joana,sim,cancelada,
24/08/2026,seg,17h,Renata,João Teixeira,Particular,09/06/2026,,sim,realizada,
24/08/2026,seg,17:00,Tomás,Bruno Campos,Particular,31/05/2026,Joana,não,falta,
24/08/2026,seg,18:00,Renata,Priscila Paiva,Particular,26/06/2026,Joana,não,realizada,
24/08/2026,seg,18:00,Tomás,Márcio Gomes,Particular,09/06/2026,,não,realizada,
25/08/2026,ter,07:00,Caio,Úrsula,Convênio Beta,26/07/2026,,não,realizada,
25/08/2026,ter,07:00,Sílvia,Celso Coutinho,Convênio Alfa,05/07/2026,Joana,sim,realizada,
25/08/2026,ter,08:00,Caio,Renato Queiroz,Convênio Alfa,10/07/2026,Joana,não,remarcado,
25/08/2026,ter,09:00,Caio,Júlia,Particular,24/06/2026,Joana,,F,
25/08/2026,ter,10:00,Caio,Xavier Paiva,Convênio Beta,31/07/2026,Joana,não,remarcado,
25/08/2026,ter,10h,Renata,Edson Lacerda,Convênio Beta,31/07/2026,,sim,remarcada,
25/08/2026,ter,10:00,Sílvia,Simone Teixeira,Particular,,,sim,realizada,
25/08/2026,ter,11:00,Caio,Tânia Barros,Convênio Beta,22/07/2026,Joana,,realizada,
25/08/2026,ter,11:00,Renata,Priscila Paiva,Particular,,Joana,sim,realizada,
2026-08-25,ter,11:00,Sílvia,Vítor Lacerda,Convênio Beta,20/07/2026,Joana,,realizada,
25/08/2026,ter,12h,Renata,Valter Valente,Convênio Beta,,Joana,S,realizada,
25/08/2026,ter,14:00,Caio,zeca campos,Particular,17/07/2026,Joana,N,Realizada,
25/08/2026,ter,14:00,Renata,Karina Farias,Particular,18/07/2026,Joana,não,realizada,
25/8,ter,14:00,Tomás,Olga Almeida,Particular,19/06/2026,Joana,S,Falta,
25/08/2026,ter,15h,Caio,Nelson Macedo,Particular,22/07/2026,,,realizada,
25/08/2026,ter,15:00,Renata,Nádia Nogueira,Particular,02/08/2026,,sim,falta,
25/08/2026,ter,16h,Caio,Rafael Guerra,Convênio Alfa,17/07/2026,,não,realizada,
2026-08-25,ter,16h,Renata,Luiz Lacerda,Particular,13/07/2026,Joana,sim,realizada,
25/08/2026,ter,17:00,Renata,Jorge Duarte,Particular,10/07/2026,Joana,N,realizada,
25/08/2026,ter,17h,Tomás,Mauro Campos,,07/07/2026,Joana,nao,realizada,
25/08/2026,ter,18:00,Renata,Glória Henriques,Convênio Alfa,27/07/2026,Joana,sim,feita,
25/08/2026,ter,18h,Tomás,Lourdes Fontes,Particular,18/07/2026,Joana,,realizada,
25/08/2026,ter,19:00,Tomás,Antônio Diniz,Convênio Beta,02/08/2026,Joana,Sim,realizada,
26/08/2026,qua,07:00,Caio,Xavier Paiva,Convênio Beta,29/07/2026,Joana,sim,cancelada,
26/08/2026,qua,08:00,Caio,Marta Guerra,Particular,15/07/2026,Joana,sim,Realizada,
26/08/2026,qua,09:00,Caio,Vera Sampaio,Convênio Beta,07/07/2026,,sim,realizada,
2026-08-26,qua,10:00,Caio,Zilda Barros,Convênio Alfa,,Joana,sim,realizada,
26/08/2026,qua,10:00,Renata,Nádia Nogueira,Particular,30/07/2026,Joana,sim,realizada,
26/8,qua,10:00,Sílvia,Simone Teixeira,Particular,,Joana,não,feita,
2026-08-26,qua,11:00,Caio,Ítalo Teixeira,Particular,31/07/2026,Joana,sim,ok,
26/8,qua,11:00,Renata,Flavia Diniz,Particular,30/07/2026,,sim,realizada,
26/08/2026,qua,11:00,Sílvia,Isabel Brandão,Convênio Beta,04/07/2026,Joana,N,feita,
26/08/2026,qua,11:00,Sílvia,Carla Xavier,Particular,25/08/2026,Sílvia,nao,falta,encaixe
2026-08-26,qua,12:00,Renata,Helena Lacerda,Particular,02/07/2026,Joana,não,realizada,
26/08/2026,qua,13:00,Tomás,Yara Paiva,Convênio Alfa,29/07/2026,Joana,não,realizada,
26/08/2026,qua,14:00,Caio,Hugo Diniz,Particular,26/05/2026,Joana,,ok,
26/08/2026,qua,14:00,Caio,Hugo Diniz,Particular,26/05/2026,Joana,,ok,
2026-08-26,qua,14h,Renata,Edson Lacerda,Convênio Beta,29/07/2026,Joana,não,realizada,
2026-08-26,qua,14h,Tomás,Mauro Campos,Convênio Beta,07/07/2026,Joana,N,realizada,
26/08/2026,qua,15:00,Caio,Wilson Lacerda,Particular,05/07/2026,Joana,Sim,realizada,
26/08/2026,qua,15:00,Renata,Queila Almeida,Particular,,Joana,sim,realizada,
26/08/2026,qua,15:00,Tomás,Sônia Duarte,Convênio Beta,11/07/2026,Joana,sim,ok,
26/08/2026,qua,16:00,Caio,Úrsula Esteves,Convênio Beta,29/07/2026,Joana,não,realizada,
26/08/2026,qua,16:00,Renata,Ana Esteves,,20/05/2026,Joana,não,falta,
26/08/2026,qua,17:00,Renata,Valter Valente,Convênio Beta,15/07/2026,Joana,não,realizada,
26/08/2026,qua,18:00,Renata,Emílio Nogueira,Particular,02/08/2026,,sim,realizada,
26/08/2026,qua,18h,Tomás,Márcio Gomes,Particular,08/06/2026,Joana,S,realizada,
26/08/2026,qua,19h,Tomás,Wanda Paiva,Convênio Beta,14/07/2026,Joana,não,falta,
27/08/2026,qui,07:00,Caio,Úrsula,Convênio Beta,29/07/2026,Joana,não,realizada,
27/08/2026,qui,08:00,Caio,Beatriz Rezende,Convênio Alfa,22/07/2026,Joana,nao,Realizada,
27/08/2026,qui,08:00,Caio,Renato Queiroz,Convênio Alfa,23/08/2026,Caio,nao,falta,remarcação
27/08/2026,qui,08:00,Sílvia,Iara Farias,Convênio Alfa,26/07/2026,Joana,não,realizada,
2026-08-27,qui,09:00,Caio,Gabriela Campos,Convênio Alfa,21/07/2026,Joana,sim,realizada,
27/08/2026,qui,9h,Sílvia,Vítor Lacerda,Convênio Beta,22/07/2026,,não,Falta,
27/08/2026,qui,10:00,Caio,Nelson Macedo,Particular,,Joana,não,feita,
27/08/2026,qui,10:00,Renata,Thiago Fontes,Convênio Alfa,,Joana,S,ok,
27/08/2026,qui,10:00,Sílvia,Simone Teixeira,Particular,29/07/2026,Joana,,realizada,
27/08/2026,qui,11:00,Caio,Gilberto Paiva,Convênio Alfa,15/07/2026,Joana,sim,realizada,
27/8,qui,11:00,Renata,Queila Almeida,Particular,21/07/2026,Joana,Sim,realizada,
27/08/2026,qui,11:00,Sílvia,Elisa Esteves,Convênio Alfa,01/07/2026,,S,realizada,
27/08/2026,qui,12:00,Renata,João Teixeira,Particular,09/06/2026,Joana,,falta,
2026-08-27,qui,13:00,Tomás,Sônia Duarte,,13/07/2026,Joana,não,Realizada,
27/08/2026,qui,14:00,Caio,Hugo Diniz,Particular,25/05/2026,Joana,não,realizada,
2026-08-27,qui,14:00,Renata,Flavia Diniz,,30/07/2026,,S,realizada,
27/08/2026,qui,14:00,Tomás,Antônio Diniz,Convênio Beta,01/08/2026,Joana,sim,realizada,
2026-08-27,qui,15:00,Caio,Zeca Campos,Particular,18/07/2026,Joana,N,realizada,
27/08/2026,qui,15:00,Renata,Fernanda Guerra,Particular,10/06/2026,Joana,sim,realizada,
27/08/2026,qui,16:00,Caio,Vera Sampaio,Convênio Beta,04/07/2026,Joana,S,realizada,
27/8,qui,16:00,Caio,Xavier Paiva,Convênio Beta,24/08/2026,Caio,sim,ok,remarcação; atendido com atraso (horário duplicado)
2026-08-27,qui,16:00,Renata,Caetano Macedo,Particular,09/04/2026,,não,feita,
27/08/2026,qui,17:00,Renata,Glória Henriques,Convênio Alfa,28/07/2026,Joana,sim,realizada,
27/08/2026,qui,18:00,Renata,Débora Brandão,Convênio Beta,14/07/2026,,sim,realizada,
27/8,qui,18h,Tomás,Yara Paiva,Convênio Alfa,30/07/2026,Joana,S,Realizada,
2026-08-27,qui,19:00,Tomás,Olga Almeida,Particular,19/06/2026,,não,falta,
28/8,sex,07:00,Caio,Beatriz Rezende,Convênio Alfa,21/07/2026,Joana,não,F,
28/08/2026,sex,07:00,Sílvia,Celso Coutinho,Convênio Alfa,03/07/2026,Joana,não,realizada,
28/08/2026,sex,08:00,Caio,Gilberto Paiva,Convênio Alfa,16/07/2026,Joana,,Falta,
28/08/2026,sex,08:00,Sílvia,Isabel Brandão,Convênio Beta,,Joana,não,falta,
28/08/2026,sex,09:00,Caio,Wilson Lacerda,Particular,02/07/2026,Joana,sim,realizada,
28/08/2026,sex,10:00,Caio,Renato Queiroz,Convênio Alfa,10/07/2026,Joana,não,falta,
28/08/2026,sex,10:00,Renata,Queila Almeida,Particular,20/07/2026,Joana,não,realizada,
28/08/2026,sex,10:00,Sílvia,Elisa Esteves,Convênio Alfa,02/07/2026,Joana,nao,realizada,
28/08/2026,sex,11:00,Caio,zeca campos,Particular,16/07/2026,Joana,sim,realizada,
28/08/2026,sex,11:00,Renata,Fernanda Guerra,Particular,10/06/2026,Joana,sim,realizada,
28/08/2026,sex,11:00,Sílvia,Iara Farias,Convênio Alfa,26/07/2026,Joana,sim,feita,
28/08/2026,sex,12:00,Renata,Paulo Xavier,Particular,02/08/2026,Joana,sim,realizada,
28/08/2026,sex,14:00,Caio,Otávio Gomes,Particular,18/07/2026,Joana,sim,Realizada,
28/08/2026,sex,14:00,Renata,Daniel Valente,Convênio Alfa,27/07/2026,Joana,,falta,
28/08/2026,sex,14:00,Tomás,Diva Macedo,,27/07/2026,Joana,sim,realizada,
28/08/2026,sex,15:00,Caio,Nelson Macedo,Particular,23/07/2026,,sim,realizada,
28/08/2026,sex,15:00,Renata,Luiz Lacerda,Particular,11/07/2026,Joana,sim,realizada,
28/08/2026,sex,15h,Tomás,Wanda Paiva,Convênio Beta,17/07/2026,Joana,não,realizada,
28/08/2026,sex,16:00,Caio,Zilda Barros,Convênio Alfa,12/07/2026,Joana,não,faltou,
28/08/2026,sex,16:00,Renata,Edson Lacerda,Convênio Beta,31/07/2026,Joana,não,realizada,
2026-08-28,sex,17:00,Renata,Helena Lacerda,Particular,05/07/2026,Joana,não,falta,
28/08/2026,sex,17:00,Tomás,Bruno Campos,Particular,30/05/2026,Joana,sim,realizada,
2026-08-28,sex,18:00,Renata,Karina Farias,Particular,18/07/2026,Joana,não,realizada,
28/08/2026,sex,19h,Tomás,Lourdes Fontes,Particular,,Joana,S,ok,
