paciente,tipo,sessoes_contratadas_ou_autorizadas,sessoes_usadas,atualizado_em,observacao
Ana Esteves,Particular,20,13,21/08/2026,
Bruno Campos,Particular,40,25,21/08/2026,
Carla Xavier,Particular,10,9,21/08/2026,
Daniel Valente,Convênio Alfa,10,3,21/08/2026,
Elisa Esteves,Convênio Alfa,20,14,14/08/2026,
Fábio Valente,Particular,10,5,21/08/2026,
Gabriela Campos,Convênio Alfa,10,7,21/08/2026,
Hugo Diniz,Particular,40,25,21/08/2026,
Isabel Brandão,Convênio Beta,20,12,21/08/2026,
João Teixeira,Particular,40,19,21/08/2026,
Karina Farias,Particular,20,10,21/08/2026,
Luiz Lacerda,Particular,20,16,14/08/2026,
Marta Guerra,Particular,10,8,14/08/2026,
Nelson Macedo,Particular,20,11,21/08/2026,
Olga Almeida,Particular,20,17,14/08/2026,
Paulo Xavier,Particular,10,6,21/08/2026,
Queila Almeida,Particular,20,11,21/08/2026,
Rafael Guerra,Convênio Alfa,10,4,21/08/2026,
Sônia Duarte,Convênio Beta,20,11,21/08/2026,
Thiago Fontes,Convênio Alfa,10,6,21/08/2026,
Úrsula Esteves,Convênio Beta,20,9,14/08/2026,
Vítor Lacerda,Convênio Beta,10,8,21/08/2026,
Wanda Paiva,Convênio Beta,10,9,21/08/2026,Joana sabe
Xavier Paiva,Convênio Beta,10,5,21/08/2026,
Yara Paiva,Convênio Alfa,10,6,21/08/2026,
Zeca Campos,Particular,20,15,21/08/2026,
Antônio Diniz,Convênio Beta,10,7,21/08/2026,
Beatriz Rezende,Convênio Alfa,10,7,21/08/2026,
Celso Coutinho,Convênio Alfa,20,17,14/08/2026,
Débora Brandão,Convênio Beta,10,9,14/08/2026,Joana sabe
Edson Lacerda,Convênio Beta,10,9,21/08/2026,pedir renovação?
Fernanda Guerra,Particular,20,19,21/08/2026,
Gilberto Paiva,Convênio Alfa,10,7,21/08/2026,
Helena Lacerda,Particular,20,12,21/08/2026,
Ítalo Teixeira,Particular,10,5,21/08/2026,
Júlia Xavier,Particular,20,14,21/08/2026,
Lourdes Fontes,Particular,20,9,21/08/2026,
Márcio Gomes,Particular,40,19,21/08/2026,
Nádia Nogueira,Particular,10,7,21/08/2026,
Otávio Gomes,Particular,10,6,21/08/2026,
Priscila Paiva,Particular,20,14,21/08/2026,
Renato Queiroz,Convênio Alfa,10,11,21/08/2026,pedir renovação?
Simone Teixeira,Particular,20,9,21/08/2026,
Tânia Barros,Convênio Beta,10,7,21/08/2026,
Valter Valente,Convênio Beta,10,13,21/08/2026,pedir renovação?
Vera Sampaio,Convênio Beta,20,11,21/08/2026,
Wilson Lacerda,Particular,20,13,14/08/2026,
Zilda Barros,Convênio Alfa,10,10,21/08/2026,Joana sabe
Alice Rezende,Particular,20,17,21/08/2026,
Caetano Macedo,Particular,20,17,14/08/2026,
Diva Macedo,Convênio Beta,10,6,21/08/2026,
Emílio Nogueira,Particular,20,6,21/08/2026,
Flávia Diniz,Particular,10,6,21/08/2026,
Glória Henriques,Convênio Alfa,20,13,21/08/2026,
Heitor Valente,Convênio Alfa,10,8,14/08/2026,
Iara Farias,Convênio Alfa,10,9,14/08/2026,Joana sabe
Jorge Duarte,Particular,20,10,21/08/2026,
Lúcia Lacerda,Particular,10,3,21/08/2026,
Mauro Campos,Convênio Beta,20,10,21/08/2026,
Neide Paiva,Convênio Alfa,10,5,21/08/2026,
